{"train/loss": 0.0199, "train/learning_rate": 5.523212419764144e-07, "train/epoch": 6.0, "train/global_step": 26796, "_timestamp": 1706542243.823607, "_runtime": 8591.574769973755, "_step": 54, "train/train_runtime": 8225.2576, "train/train_samples_per_second": 104.227, "train/train_steps_per_second": 3.258, "train/total_flos": 8.400361665558989e+16, "train/train_loss": 0.04654969582185405, "eval/loss": 0.018853232264518738, "eval/precision": 0.8413265306122449, "eval/recall": 0.908108621344474, "eval/f1": 0.8734429223744292, "eval/runtime": 365.4199, "eval/samples_per_second": 143.101, "eval/steps_per_second": 17.889, "_wandb": {"runtime": 8591}}