{"train/loss": 0.0393, "train/learning_rate": 1.4852963128825198e-06, "train/epoch": 3.0, "train/global_step": 13398, "_timestamp": 1706532755.07509, "_runtime": 4570.226866006851, "_step": 27, "train/train_runtime": 5185.0583, "train/train_samples_per_second": 82.669, "train/train_steps_per_second": 2.584, "train/total_flos": 4.200180832779494e+16, "train/train_loss": 0.06571163286253807, "eval/loss": 0.029310431331396103, "eval/precision": 0.8550267025299185, "eval/recall": 0.833042157235093, "eval/f1": 0.8438912721466633, "eval/runtime": 361.8185, "eval/samples_per_second": 144.526, "eval/steps_per_second": 18.067, "_wandb": {"runtime": 4565}}